INSERT INTO `UNIPROT`.`Sequence`
(`seq_id`,
`length`,
`mass`,
`last_date`,
`checksum`,
`sequence`)
VALUES
('P02091-1',
147,
15979,
'2007-1-23',
'77A715901BC44D26',
'MVHLTDAEKAAVNGLWGKVNPDDVGGEALGRLLVVYPWTQRYFDSFGDLSSASAIMGNPKVKAHGKKVINAFNDGLKHLDNLKGTFAHLSELHCDKLHVDPENFRLLGNMIVIVLGHHLGKEFTPCAQAAFQKVVAGVASALAHKYH');

INSERT INTO `UNIPROT`.`Sequence`
(`seq_id`,
`length`,
`mass`,
`last_date`,
`checksum`,
`sequence`)
VALUES
('P02192-1',
154,
17078,
'2007-1-23',
'E74911B6C6851761',
'MGLSDGEWQLVLNAWGKVEADVAGHGQEVLIRLFTGHPETLEKFDKFKHLKTEAEMKASEDLKKHGNTVLTALGGILKKKGHHEAEVKHLAESHANKHKIPVKYLEFISDAIIHVLHAKHPSDFGADAQAAMSKALELFRNDMAAQYKVLGFHG');

INSERT INTO `UNIPROT`.`Sequence`
(`seq_id`,
`length`,
`mass`,
`last_date`,
`checksum`,
`sequence`)
VALUES
('P08100-1',
348,
38893,
'1988-8-1',
'6F4F6FCBA34265B2',
'MNGTEGPNFYVPFSNATGVVRSPFEYPQYYLAEPWQFSMLAAYMFLLIVLGFPINFLTLYVTVQHKKLRTPLNYILLNLAVADLFMVLGGFTSTLYTSLHGYFVFGPTGCNLEGFFATLGGEIALWSLVVLAIERYVVVCKPMSNFRFGENHAIMGVAFTWVMALACAAPPLAGWSRYIPEGLQCSCGIDYYTLKPEVNNESFVIYMFVVHFTIPMIIIFFCYGQLVFTVKEAAAQQQESATTQKAEKEVTRMVIIMVIAFLICWVPYASVAFYIFTHQGSNFGPIFMTIPAFFAKSAAIYNPVIYIMMNKQFRNCMLTTICCGKNPLGDDEASATVSKTETSQVAPA');

INSERT INTO `UNIPROT`.`Sequence`
(`seq_id`,
`length`,
`mass`,
`last_date`,
`checksum`,
`sequence`)
VALUES
('P21917-1',
419,
43901,
'2019-4-10',
'34CBE8320302008E',
'MGNRSTADADGLLAGRGPAAGASAGASAGLAGQGAAALVGGVLLIGAVLAGNSLVCVSVATERALQTPTNSFIVSLAAADLLLALLVLPLFVYSEVQGGAWLLSPRLCDALMAMDVMLCTASIFNLCAISVDRFVAVAVPLRYNRQGGSRRQLLLIGATWLLSAAVAAPVLCGLNDVRGRDPAVCRLEDRDYVVYSSVCSFFLPCPLMLLLYWATFRGLQRWEVARRAKLHGRAPRRPSGPGPPSPTPPAPRLPQDPCGPDCAPPAPGLPRGPCGPDCAPAAPSLPQDPCGPDCAPPAPGLPPDPCGSNCAPPDAVRAAALPPQTPPQTRRRRRAKITGRERKAMRVLPVVVGAFLLCWTPFFVVHITQALCPACSVPPRLVSAVTWLGYVNSALNPVIYTVFNAEFRNVFRKALRACC');

INSERT INTO `UNIPROT`.`Sequence`
(`seq_id`,
`length`,
`mass`,
`last_date`,
`checksum`,
`sequence`)
VALUES
('Q5D869-1',
1976,
218228,
'2005-3-29',
'C16F6B0BBDC40617',
'MEEESTSEILDGEIVGITFALASHHEICIQSISESAINHPSQLTNAFLGLPLEFGKCESCGATEPDKCEGHFGYIQLPVPIYHPAHVNELKQMLSLLCLKCLKIKKAKGTSGGLADRLLGVCCEEASQISIKDRASDGASYLELKLPSRSRLQPGCWNFLERYGYRYGSDYTRPLLAREVKEILRRIPEESRKKLTAKGHIPQEGYILEYLPVPPNCLSVPEASDGFSTMSVDPSRIELKDVLKKVIAIKSSRSGETNFESHKAEASEMFRVVDTYLQVRGTAKAARNIDMRYGVSKISDSSSSKAWTEKMRTLFIRKGSGFSSRSVITGDAYRHVNEVGIPIEIAQRITFEERVSVHNRGYLQKLVDDKLCLSYTQGSTTYSLRDGSKGHTELKPGQVVHRRVMDGDVVFINRPPTTHKHSLQALRVYVHEDNTVKINPLMCSPLSADFDGDCVHLFYPQSLSAKAEVMELFSVEKQLLSSHTGQLILQMGSDSLLSLRVMLERVFLDKATAQQLAMYGSLSLPPPALRKSSKSGPAWTVFQILQLAFPERLSCKGDRFLVDGSDLLKFDFGVDAMGSIINEIVTSIFLEKGPKETLGFFDSLQPLLMESLFAEGFSLSLEDLSMSRADMDVIHNLIIREISPMVSRLRLSYRDELQLENSIHKVKEVAANFMLKSYSIRNLIDIKSNSAITKLVQQTGFLGLQLSDKKKFYTKTLVEDMAIFCKRKYGRISSSGDFGIVKGCFFHGLDPYEEMAHSIAAREVIVRSSRGLAEPGTLFKNLMAVLRDIVITNDGTVRNTCSNSVIQFKYGVDSERGHQGLFEAGEPVGVLAATAMSNPAYKAVLDSSPNSNSSWELMKEVLLCKVNFQNTTNDRRVILYLNECHCGKRFCQENAACTVRNKLNKVSLKDTAVEFLVEYRKQPTISEIFGIDSCLHGHIHLNKTLLQDWNISMQDIHQKCEDVINSLGQKKKKKATDDFKRTSLSVSECCSFRDPCGSKGSDMPCLTFSYNATDPDLERTLDVLCNTVYPVLLEIVIKGDSRICSANIIWNSSDMTTWIRNRHASRRGEWVLDVTVEKSAVKQSGDAWRVVIDSCLSVLHLIDTKRSIPYSVKQVQELLGLSCAFEQAVQRLSASVRMVSKGVLKEHIILLANNMTCSGTMLGFNSGGYKALTRSLNIKAPFTEATLIAPRKCFEKAAEKCHTDSLSTVVGSCSWGKRVDVGTGSQFELLWNQKETGLDDKEETDVYSFLQMVISTTNADAFVSSPGFDVTEEEMAEWAESPERDSALGEPKFEDSADFQNLHDEGKPSGANWEKSSSWDNGCSGGSEWGVSKSTGGEANPESNWEKTTNVEKEDAWSSWNTRKDAQESSKSDSGGAWGIKTKDADADTTPNWETSPAPKDSIVPENNEPTSDVWGHKSVSDKSWDKKNWGTESAPAAWGSTDAAVWGSSDKKNSETESDAAAWGSRDKNNSDVGSGAGVLGPWNKKSSETESNGATWGSSDKTKSGAAAWNSWDKKNIETDSEPAAWGSQGKKNSETESGPAAWGAWDKKKSETEPGPAGWGMGDKKNSETELGPAAMGNWDKKKSDTKSGPAAWGSTDAAAWGSSDKNNSETESDAAAWGSRNKKTSEIESGAGAWGSWGQPSPTAEDKDTNEDDRNPWVSLKETKSREKDDKERSQWGNPAKKFPSSGGWSNGGGADWKGNRNHTPRPPRSEDNLAPMFTATRQRLDSFTSEEQELLSDVEPVMRTLRKIMHPSAYPDGDPISDDDKTFVLEKILNFHPQKETKLGSGVDFITVDKHTIFSDSRCFFVVSTDGAKQDFSYRKSLNNYLMKKYPDRAEEFIDKYFTKPRPSGNRDRNNQDATPPGEEQSQPPNQSIGNGGDDFQTQTQSQSPSQTRAQSPSQAQAQSPSQTQSQSQSQSQSQSQSQSQSQSQSQSQSQSQSQSQSPSQTQTQSPSQTQAQAQSPSSQSPSQTQT');

INSERT INTO `UNIPROT`.`Sequence`
(`seq_id`,
`length`,
`mass`,
`last_date`,
`checksum`,
`sequence`)
VALUES
('Q62689-1',
1132,
130585,
'1997-11-1',
'C3AEDF2FECE8B95A',
'MGMACLTMTEMEGTSTSPAHQNGDIPGNANSVKQTEPVLQVYLYHSLGQAEGDYLKFPNGEYVAEEICVAASKACGITPVYHNMFALMSETERIWYPPNHVFHIDESTRHNILYRIRFYFPHWYCSGSNRTYRYGVSRGAEAPLLDDFVMSYLFAQWRHDFVHGWIKVPVTHETQEECLGMAVLDMMRIAKEKDQTPLAVYNSISYKTFLPKCVRAKIQDYHILTRKRIRYRFRRFIQQFSQCKATARNLKLKYLINLETLQSAFYTEQFEVKESARGPSGEEIFATIIITGNGGIQWSRGKHKESETLTEQDLQLYCDFPDIIDVSIKQANQECSTESRVVTVHKQDGKVLEIELSSLKEALSFVSLIDGYYRLTADAHHYLCKEVAPPAVLENIHSNCHGPISMDFAISKLKKAGNQTGLYVLRCSPKDFNKYFLTFAVERENVIEYKHCLITKNENGEYNLSGTKRNFSSLKDLLNCYQMETVRSDSIIFQFTKCCPPKPKDKSNLLVFRTNGVSDVQLSPTLQRHNNVNQMVFHKIRNEDLIFNESLGQGTFTKIFKGVRREVGDYGQLHETEVLLKVLDKAHRNYSESFFEAASMMSQLSHKHLVLNYGVCVCGEENILVQEFVKFGSLDTYLKKNKNSINILWKLGVAKQLAWAMHFLEEKSLIHGNVCAKNILLIREEDRKTGNPPFIKLSDPGISITVLPKDILQERIPWVPPECIENPKNLTLATDKWSFGTTLWEICSGGDKPLSALDSQRKLQFYEDKHQLPAPKWTELANLINTCMDYEPDFRPAFRAVIRDLNSLFTPDYELLTENDMLPNMRIGALGFSGAFEDRDPTQFEERHLKFLQQLGKGNFGSVEMCRYDPLQDNTGEVVAVKKLQHSTEEHLRDFEREIEILKSLQHDNIVKYKGVCYSAGRRNLRLIMEYLPYGSLRDYLQKHKERIDHKKLLQYTSQICKGMEYLGTKRYIHRDLATRNILVENENRVKIGDFGLTKVLPQDKEYYKVKEPGESPIFWYAPESLTESKFSVASDVWSFGVVLYELFTYIEKSKSPPVEFMRMIGNDKQGQMIVFHLIELLKNNGRLPRPEGCPDEIYVIMTECWNNNVNQRPSFRDLSLRVDQIRDSMAA');

INSERT INTO `UNIPROT`.`Sequence`
(`seq_id`,
`length`,
`mass`,
`last_date`,
`checksum`,
`sequence`)

VALUES
('P09238-1',
476,
54151,
'1989-7-01',
'516DCDDFEF92A0D6',
'MMHLAFLVLLCLPVCSAYPLSGAAKEEDSNKDLAQQYLEKYYNLEKDVKQFRRKDSNLIVKKIQGMQKFLGLEVTGKLDTDTLEVMRKPRCGVPDVGHFSSFPGMPKWRKTHLTYRIVNYTPDLPRDAVDSAIEKALKVWEEVTPLTFSRLYEGEADIMISFAVKEHGDFYSFDGPGHSLAHAYPPGPGLYGDIHFDDDEKWTEDASGTNLFLVAAHELGHSLGLFHSANTEALMYPLYNSFTELAQFRLSQDDVNGIQSLYGPPPASTEEPLVPTKSVPSGSEMPAKCDPALSFDAISTLRGEYLFFKDRYFWRRSHWNPEPEFHLISAFWPSLPSYLDAAYEVNSRDTVFIFKGNEFWAIRGNEVQAGYPRGIHTLGFPPTIRKIDAAVSDKEKKKTYFFAADKYWRFDENSQSMEQGFPRLIADDFPGVEPKVDAVLQAFGFFYFFSGSSQFEFDPNARMVTHILKSNSWLHC');

INSERT INTO `UNIPROT`.`Sequence`
(`seq_id`,
`length`,
`mass`,
`last_date`,
`checksum`,
`sequence`)

VALUES
('O33618-1',
287 ,
33632,
'2020-12-2',
'74D719BC1F538B34',
'MSNYVIEKTLNNNVIICTDENQHHEVVLIGKGIGFNKKKGMELSDSVMIDKVYKLEQKKDQDHYKALVEIADDNVLQTIIEAMDIITHADRTVVDKDLMVALTDHILFAYKRIKQHQFIKNPFLIETKQLYSESYQIAVSVIEHLNKLLDIEFPEDEIGFIALHIASSKDDLSLHEVRLTNEIINKSILIMEHDLKYKIDTNSIQYQRFIRHIQFLIRRLQKGEIIQVNDEFGNMLKAHYPLCYNIAVKIIKMMQQHLDVEVYEAELIYLTLHINHFTQQNEKNTNV');

INSERT INTO `UNIPROT`.`Sequence`
(`seq_id`,
`length`,
`mass`,
`last_date`,
`checksum`,
`sequence`)

VALUES
('O94278-1',
857,
95579,
'1999-5-1',
'5D74EEC81CD74A73',
'MCPSDFSSRSLFLEAKEEEYKQRRRVPLDSRRRVRRACLSCRAKKIRCSGSEPCQACIATPSQCKYADSLKERTPSKQFIAELSQRQKCFEYLMELLCPSLPHDTRSLVKLCKHVESSLASGSDVRSLLIPGSIDQSVLKVAATNNKDDSSAVKSANVSFPSSSTPPSSDSNFSSIQNTDLNTSIKFTENISANAIHVNQDKVIRSANNLIINSQPILPVRSFLDALGEPIYLSPTSSTYFLNSVLASLQLNSSNTPESLLIDYQSKIPEDLSSSLLPLELNTLQSTPTSVSVGSASSQGTHEYSIINLTSNHSSFSLKALKKIAHNLLPPVSVAERYANEFFLRYQSFFYFYPPSVFSNRYQILADGLVNSDTLDTGFLAVALLIVVLGHFSNNNINVLPKEVQLSHIDSMIQISEQLISSLLNRCTLSSIQAVFLLSLYHFLTGNFKCAYSYLGFAIHSAHTLGLEHGSTDNSTLNEVSTEETSIRICWSLRVLASFLYIQSGITPIINLFPNGLNSLKLPTVVPELEARHLPSSVFHFVAIIKYAEISVRSLNSLYESSSDYLMDVSNFPKLLLKVERIYSQARNWKLNLTHQQLNGTNDTSDLLFHSNVSLHLFYHYLIVKVSCPIMFFYLNNWYSVKPSSFTKGLNNKPSLEDVFSNLETCYESAKAIVQLSSKLLSAGQMDKCFYLEFEILYCSAIVLFLFSVMHLGAENPLLESIYLLEDMGSRTIDSKVRLEKLKSAIEIFDINSATEMPINEPLSASFESVNKENSQSGYMAWQNWVTELSSSNIPLGHALGNPESNNSSNSFKPSHPSQSFLVNESLDFSSNPKEPPFLPWSEALLNMDMQLNRLGP');

INSERT INTO `UNIPROT`.`Sequence`
(`seq_id`,
`length`,
`mass`,
`last_date`,
`checksum`,
`sequence`)

VALUES
('P0ACQ4-1',
305,
34276,
'1999-5-1',
'714EF4169CED2EC9',
'MNIRDLEYLVALAEHRHFRRAADSCHVSQPTLSGQIRKLEDELGVMLLERTSRKVLFTQAGMLLVDQARTVLREVKVLKEMASQQGETMSGPLHIGLIPTVGPYLLPHIIPMLHQTFPKLEMYLHEAQTHQLLAQLDSGKLDCVILALVKESEAFIEVPLFDEPMLLAIYEDHPWANRECVPMADLAGEKLLMLEDGHCLRDQAMGFCFEAGADEDTHFRATSLETLRNMVAAGSGITLLPALAVPPERKRDGVVYLPCIKPEPRRTIGLVYRPGSPLRSRYEQLAEAIRARMDGHFDKVLKQAV');

INSERT INTO `UNIPROT`.`Sequence`
(`seq_id`,
`length`,
`mass`,
`last_date`,
`checksum`,
`sequence`)

VALUES
('Q59LV8-1',
990 ,
63112,
'2017-3-15',
'8007D4E9DE642EDF',
'MPKREIEDTQSPYSSTGLVSTGESPKTSTSTPTSSTNNRAATTTTNNTSTTSTSLLKSNSNLQPIAMTPS VSSTSLAINK PKSQENKRRR VTRACDTCRQ KKVKCDGKQP CIHCTVYSYKCSYDQPNIRNKKNSGIPIPSQPSPAILQVAAQAAVAFGSNNNSSNQQSLQSLQQQQQHVVHQHQHQPLPADEPIPKTNLIIFQQIINALLPKLQLNGFDPNLQFDLNKFQKVVQYVMSKSQTFTLNLNEITELMQDPDSQIPPPPPASSSSSHHRRTLSVGSFDDSSNSAVSSPREVGLHLPSKEVALNLIYTTWNKACVLFRFYHRPSLLEEVDLLYSLDPMNYGDRQQKFLPFLYSILACGSLFSKTPYTMGTPSENEKNLEDDGFKYFLEARKLIDISNVGDINSIQTVVMMIIYLQCSARLSTCYSYIGIALRSALKEGLHRNLTLFQNSKKKLDPIEEDTRKRLFYTIYKMDIYINSLLGLPRSLNEDEFDQLLPVELDDENVTRTEYLFDKQQGRLSSSGCANQHTKLMFILSHIIKKMYPIKVKPEEAENSSNVNYSRDRIHAKVTELEVELKNWLDNLPQELKPIDPSSTTKDVIDEVPEKFRLANYYLHLAFLNCQIILYRPFIHFISDSMDGSSSDPRSLIRGRNCIKVARMVVKLANKMIDHKLLLGTYWFSMYTIFFSIACLIYYFHFANYNNNGQGFNYAGILFDDDLNIDMIKKDIEIGKKVLDNLKNSSNSSLRIYNILNTMFEQLNRRTASRSRQVTATTNSTTTTANTNSNSNSNSQPTTLPANFQNVNVKNTFENFDNMNHFVKKERERERESLSQLFDNTSMAKFESSSEIPKNVANIQRVATPLEENNKEIGEVSGGNLTSNYMPGVFDKLDTQIFGKILPPYMLEKNETMNYNSNNNNSNNVNNNFNNNNNAGEVNNNSNGVAYNNNAANWPLNNAEDGLNLEDLFGTLGNNGNGGTSSSNGLEYLDPF');

INSERT INTO `UNIPROT`.`Sequence`
(`seq_id`,
`length`,
`mass`,
`last_date`,
`checksum`,
`sequence`)

VALUES
('Q03768-1',
265,
31031,
'1996-11-1',
'CE09A067388638ED',
'MDYKEEQKQELEVLESIYPDELRIINDEYPKIKFEVAIKLELDTGDSTSVLTKEHTIIAEFKLPENYPDEPCLISLEAQEVALNDNEEDNEEDEDEVEYDDHGNKVLKKFENLPDLISFKGYLPELTVQLESQIETDMLLGMQMCFALISSIKERCEQWYSEQLNKLEKQYELEAQEREKKEQAKFHGTKVTRESYLEWRSKFRQELKLDERDQVRRMKAHHGKLTGKQMFEQGVVGTGDEYMEEDDASVDDVAKGLAKTEIANQ');

INSERT INTO `UNIPROT`.`Sequence`
(`seq_id`,
`length`,
`mass`,
`last_date`,
`checksum`,
`sequence`)

VALUES
('P36598-1',
775,
31031,
'1995-2-1',
'8EE2A48072F678FB',
'MNEEIGFLKNQLFADVKDLERKKKRRVPPEQRRRVFRACKHCRQKKIKCNGGQPCISCKTLNIECVYAQKSQNKTLSREYLEELSERQLCLEYIFSRMCPNFNLETKNLISISKKLSENENLPVSKIAEVTNELDTLVRINDQLSRNHISGTTEEMQSSSSLIAGEVQPGISFRDQLKVGKLEDTLYLGPTTSEAFIERLQNELELESISEDDLYSKRLSPSVSYSEFDEQLLLHARSLIPSKAVVEFLINSFFINVQTNLFVYHPHFFKCRLEIFLAMENQIDAGFLCILLMVLAFGNQYTAEQQEDVSKSNFHASNIGNRLFSAALSIFPLVLLQSDVSAVQSSLLIGLYLQSTIYEKSSFAYFGLAIKFAVALGLHKNSDDPSLTQNSKELRNRLLWSVFCIDRFVSMTTGRRPSIPLECISIPYPVILPDLEIPGSQSIVENMRAVINLAKLTNEICDSLYWNPSPSFESQVNSVRRIYARLELWKSDLHSSVVFDESAVQHPLFRSNAHVQMIYDNAIMLTTRVIMVKKLKDKDLTAENRRYIQLCVESATRVINIAHLLLTHKCLSSLSFFGLHVPFASAPILLLSLHYENSQDIQAVVTKLWQVLEFLSSRCEFARESLNYLKSFNKQLSRRNAPDINNPIADFQNSFQNWQSWVGDMSHGDMLSTFKLTGESSNGSNSTPNEAFQPFDQTSSLYNVPGLNKSYVSNQPSLLTPETFLPDPVLNLEVDKQWTAPTFLSWTELLGPTNVSEQSSHTAEQTSNLTLEKNG');

INSERT INTO `UNIPROT`.`Sequence`
(`seq_id`,
`length`,
`mass`,
`last_date`,
`checksum`,
`sequence`)

VALUES
('P52698-1',
347,
38791,
'2002-1-23',
'00DD51779F21782B',
'MVNVDTKLLVIFVELLSKRNATYVAEKMHMTAPAVSHSLGRLREIFDDPLFIRVPHGLTPTPKALELGPKVREMLDLWAAINEGDIATFDPLEAAGTFNISFAGTLGDALFDRFLLRVKRLAPGLQVRLTESSSWEADVAAMRSNELDLAFSPFPTRHPEIVEEVVTSFNMWVCARKDHPVLKDHCSLDQYLECEHIFIAQGNPGTRAAPSLIPLDYALQQRGLKRHSTMTVHAWRTQAEVAAQTDMIFTVNSLMKDLVCETYNLNAFPLPSELETVLGLNMLWHRSRNTHPMLVWARNLFKQVVAEYTGKASIAPMHPPMLTDDSGKSGKTGKGDAEKEDESRLSV');

INSERT INTO `UNIPROT`.`Sequence`
(`seq_id`,
`length`,
`mass`,
`last_date`,
`checksum`,
`sequence`)

VALUES
('Q03825-1',
758,
85050,
'1997-11-1',
'BA05BFC754D9294B',
' MDNTTNINTNERSSNTDFSSAPNIKGLNSHTQLQFDADSRVFVSDVMAKNSKQLLYAHIYNYLIKNNYWNSAAKFLSEADLPLSRINGSASGGKTSLNASLKQGLMDIASKGDIVSEDGLLPSKMLMDANDTFLLEWWEIFQSLFNGDLESGYQQDHNPLRERIIPILPANSKSNMPSHFSNLPPNVIPPTQNSFPVSEESFRPNGDGSNFNLNDPTNRNVSERFLSRTSGVYDKQNSANFAPDTAINSDIAGQQYATINLHKHFNDLQSPAQPQQSSQQQIQQPQHQPQHQPQQQQQQQQQQQQQQQQQQQQQQQQQQQQQQHQQQQQTPYPIVNPQMVPHIPSENSHSTGLMPSVPPTNQQFNAQTQSSMFSDQQRFFQYQLHHQNQGQAPSFQQSQSGRFDDMNAMKMFFQQQALQQNSLQQNLGNQNYQSNTRNNTAEETTPTNDNNANGNSLLQEHIRARFNKMKTIPQQMKNQSTVANPVVSDITSQQQYMHMMMQRMAANQQLQNSAFPPDTNRIAPANNTMPLQPGNMGSPVIENPGMRQTNPSGQNPMINMQPLYQNVSSAMHAFAPQQQFHLPQHYKTNTSVPQNDSTSVFPLPNNNNNNNNNNNNNNNNNSNNSNNNNNNNNNNNNSNNTPTVSQPSSKCTSSSSTTPNITTTIQPKRKQRVGKTKTKESRKVAAAQKVMKSKKLEQNGDSAATNFINVTPKDSGGKGTVKVQNSNSQQQLNGSFSMDTETFDIFNIGDFSPDLMDS');

INSERT INTO `UNIPROT`.`Sequence`
(`seq_id`,
`length`,
`mass`,
`last_date`,
`checksum`,
`sequence`)

VALUES
('Q8QHJ9-1',
745,
83391,
'2005-9-13',
'6F8998D63D9DA24F',
'MAGSRRLAHFFMASCLFLCYTASVNGGKRGNSDKCSYKQGTQTSSMDEGARKLGVTFRYDNCSVNWSPLGKHAIHEVNNISFSHLSCDSQAAVVVHWMASPLGIEHVKGFRVYLEDKNPERKQCQHLILKDPRQLNFSYKTIRMSSQPFSSLAFETDYMVRIVPFPTFLNDSFFPPSFLRTNSCEVLLGPDNLVCKPFWKPKMLNVSQLGSNLHVVFDHAPSTFGFSIYYLYYKLRQEGPFRLKRCKPEQNGPKTTCVLQDVTPGTYAIELRDDSNNTRRQTQYHVSQVHSPWAGPIRAMAITVPLVIMSAFATLFTVMCRKKQQENIYSHLDEESSESSSQTTALSADRPWPRPKIFICYSSRDGAKHLAVIQSFAFFLQDFCGCEVSLDLWEHLEICKEGQMSWLSRRIDEAHFIITVCSKGLKHFVEKRHRKGKATSKEKNREPSASDSSSSSRDLFIVASAIISEKLKEVHQKSSDLSRFMSVYFDYSHETDVPTSLSLAPKFKLMDQLPQLFARLHSRQLSLTDREPQPPNVSKRNYFCSKSGRSLYVAIYNMHQHVTQEPDWLEKELMPPPLPNKRTIPEKVDSGLVLNEVKLKHGSESECPPVRSNVLILPQTPQVGVSLSLSREDLGEGSSSQDAGSCRPVLHTDGSASPPEMPRDSGIYDSSVPSSELSIPLMDGLSPDHADNSSLADSVSSSSGLGDEEPPAVSSLHCTAHTICKADLHHQHLHPSEGLIAAAST');


INSERT INTO `UNIPROT`.`Protein_classification`
(`Prosite_ID`,
`Family`,
`Subfamily`)
VALUES
('PRU00159',
'Tyr protein kinase',
'JAK');

INSERT INTO `UNIPROT`.`Protein_classification`
(`Prosite_ID`,
`Family`,
`Subfamily`)
VALUES
('PRU00238',
'globin',
NULL);

INSERT INTO `UNIPROT`.`Protein_classification`
(`Prosite_ID`,
`Family`,
`Subfamily`)
VALUES
('PRU00521',
'GPCR',
NULL);

INSERT INTO `UNIPROT`.`Protein_classification`
(`Prosite_ID`,
`Family`,
`Subfamily`)
VALUES
('PRU00188',
'RNA polymerase beta chain',
NULL);

INSERT INTO `UNIPROT`.`Protein_classification`
(`Prosite_ID`,
`Family`,
`Subfamily`)

VALUES
('PRU10095',
'peptidase M10A',
NULL);

INSERT INTO `UNIPROT`.`Protein_classification`
(`Prosite_ID`,
`Family`,
`Subfamily`)

VALUES
('PRU00704',
'transcriptional antiterminator BglG',
'GlcT');

INSERT INTO `UNIPROT`.`Protein_classification`
(`Prosite_ID`,
`Family`,
`Subfamily`)

VALUES
('PRU00227',
'Transcription_factor_dom_fun',
NULL);


INSERT INTO `UNIPROT`.`Protein_classification`
(`Prosite_ID`,
`Family`,
`Subfamily`)

VALUES
('PRU00253',
'LysR transcriptional regulatory',
NULL);

INSERT INTO `UNIPROT`.`Protein_classification`
(`Prosite_ID`,
`Family`,
`Subfamily`)

VALUES
('PRU00017',
' ASG1',
NULL);

INSERT INTO `UNIPROT`.`Protein_classification`
(`Prosite_ID`,
`Family`,
`Subfamily`)

VALUES
('PRU00179',
'RWDD1/GIR2',
NULL);

INSERT INTO `UNIPROT`.`Protein_classification`
(`Prosite_ID`,
`Family`,
`Subfamily`)

VALUES
('PRU00228',
'Fungal_trans',
NULL);

INSERT INTO `UNIPROT`.`Protein_classification`
(`Prosite_ID`,
`Family`,
`Subfamily`)

VALUES
('PRU00254',
'MetR transcriptional regulatory',
NULL);

INSERT INTO `UNIPROT`.`Protein_classification`
(`Prosite_ID`,
`Family`,
`Subfamily`)

VALUES
('PRU00126',
' MSS11',
NULL);

INSERT INTO `UNIPROT`.`Protein_classification`
(`Prosite_ID`,
`Family`,
`Subfamily`)

VALUES
('PRU00867',
'IL17R_D_N',
NULL);

INSERT INTO `UNIPROT`.`Organism`
(`taxID`,
`scientific_name`,
`mnemonic`,
`taxonomy_navigation`)
VALUES
(10116,
'Rattus norvegicus',
'RAT',
'Murinae,Rattus,Rattus norvegicus');


INSERT INTO `UNIPROT`.`Organism`
(`taxID`,
`scientific_name`,
`mnemonic`,
`taxonomy_navigation`)
VALUES
(9913,
'Bos taurus',
'BOVIN',
'Bovidae, Bovinae, Bos');

INSERT INTO `UNIPROT`.`Organism`
(`taxID`,
`scientific_name`,
`mnemonic`,
`taxonomy_navigation`)

VALUES
(9606,
'Homo sapiens',
'HUMAN',
'Hominidae, Homininae, Homo');

INSERT INTO `UNIPROT`.`Organism`
(`taxID`,
`scientific_name`,
`mnemonic`,
`taxonomy_navigation`)

VALUES
(3702,
'Arabidopsis thaliana',
'ARATH',
'Brassicaceae, Camelineae, Arabidopsis');

INSERT INTO `UNIPROT`.`Organism`
(`taxID`,
`scientific_name`,
`mnemonic`,
`taxonomy_navigation`)

VALUES
(396513,
'Staphylococcus carnosus',
'STACT',
'Bacillales, Staphylococcaceae, Staphylococcus');

INSERT INTO `UNIPROT`.`Organism`
(`taxID`,
`scientific_name`,
`mnemonic`,
`taxonomy_navigation`)

VALUES
(284812,
'Schizosaccharomyces pombe',
'Fission yeast',
'Schizosaccharomycetales, Schizosaccharomycetaceae, Schizosaccharomyces');

INSERT INTO `UNIPROT`.`Organism`
(`taxID`,
`scientific_name`,
`mnemonic`,
`taxonomy_navigation`)

VALUES
(237561,
'Candida albicans',
'Yeast',
'Debaryomycetaceae, Candida/Lodderomyces clade, Candida');

INSERT INTO `UNIPROT`.`Organism`
(`taxID`,
`scientific_name`,
`mnemonic`,
`taxonomy_navigation`)

VALUES
(559292,
'Saccharomyces cerevisiae',
'Bakers yeast',
'Saccharomycetales, Saccharomycetaceae, Saccharomyces');
INSERT INTO `UNIPROT`.`Organism`
(`taxID`,
`scientific_name`,
`mnemonic`,
`taxonomy_navigation`)

VALUES
(267608,
'Ralstonia solanacearum',
'Pseudomonas solanacearum',
'Burkholderiales, Burkholderiaceae, Ralstonia');

INSERT INTO `UNIPROT`.`Organism`
(`taxID`,
`scientific_name`,
`mnemonic`,
`taxonomy_navigation`)

VALUES
(7955,
'Danio rerio',
'Brachydanio rerio',
'Danionidae, Danioninae, Danio');

INSERT INTO `UNIPROT`.`Protein`
(`accession_number`,
`seq_id`,
`Prosite_ID`,
`prev_acc_numbers`,
`entry_name`,
`full_name`,
`short_name`,
`reviewed`,
`integrated`,
`first_date`,
`last_date`,
`pfunction`,
`proteomes`)
VALUES
('P02091',
'P02091-1',
'PRU00238',
'P33584',
'HBB1_RAT',
'Hemoglobin subunit beta-1',
NULL,
1,
'UniProtKB/Swiss-Prot',
'1986-6-21',
'2020-12-2',
'Involved in oxygen transport from the lung to the various peripheral tissues.',
'UP000002494');

INSERT INTO `UNIPROT`.`Protein`
(`accession_number`,
`seq_id`,
`Prosite_ID`,
`prev_acc_numbers`,
`entry_name`,
`full_name`,
`short_name`,
`reviewed`,
`integrated`,
`first_date`,
`last_date`,
`pfunction`,
`proteomes`)
VALUES
('P02192',
'P02192-1',
'PRU00238',
'Q3ZC11',
'MYG_BOVIN',
'Myoglobin',
NULL,
1,
'UniProtKB/Swiss-Prot',
'1986-6-21',
'2020-12-2',
'Serves as a reserve supply of oxygen and facilitates the movement of oxygen within muscles.',
'UP000009136');

INSERT INTO `UNIPROT`.`Protein`
(`accession_number`,
`seq_id`,
`Prosite_ID`,
`prev_acc_numbers`,
`entry_name`,
`full_name`,
`short_name`,
`reviewed`,
`integrated`,
`first_date`,
`last_date`,
`pfunction`,
`proteomes`)
VALUES
('P08100',
'P08100-1',
'PRU00521',
'Q16414',
'OPSD_HUMAN',
'Rhodopsin',
NULL,
1,
'UniProtKB/Swiss-Prot',
'1988-9-1',
'2020-12-2',
'Photoreceptor required for image-forming vision at low light intensity. Required for photoreceptor cell viability after birth. Light-induced isomerization of the chromophore 11-cis-retinal to all-trans-retinal triggers a conformational change that activates signaling via G-proteins. Subsequent receptor phosphorylation mediates displacement of the bound G-protein alpha subunit by the arrestin SAG and terminates signaling.',
'UP000005640');

INSERT INTO `UNIPROT`.`Protein`
(`accession_number`,
`seq_id`,
`Prosite_ID`,
`prev_acc_numbers`,
`entry_name`,
`full_name`,
`short_name`,
`reviewed`,
`integrated`,
`first_date`,
`last_date`,
`pfunction`,
`proteomes`)
VALUES
('P21917',
'P21917-1',
'PRU00521',
'B0M0J7',
'DRD4_HUMAN',
'dopamine receptor',
NULL,
1,
'UniProtKB/Swiss-Prot',
'1991-5-1',
'2020-12-2',
'Dopamine receptor responsible for neuronal signaling in the mesolimbic system of the brain, an area of the brain that regulates emotion and complex behavior. Activated by dopamine, but also by epinephrine and norepinephrine, and by numerous synthetic agonists and drugs. Agonist binding triggers signaling via G proteins that inhibit adenylyl cyclase. Modulates the circadian rhythm of contrast sensitivity by regulating the rhythmic expression of NPAS2 in the retinal ganglion cells.',
'UP000005640');

INSERT INTO `UNIPROT`.`Protein`
(`accession_number`,
`seq_id`,
`Prosite_ID`,
`prev_acc_numbers`,
`entry_name`,
`full_name`,
`short_name`,
`reviewed`,
`integrated`,
`first_date`,
`last_date`,
`pfunction`,
`proteomes`)
VALUES
('Q5D869',
'Q5D869-1',
'PRU00188',
'O04206',
'NRPE1_ARATH',
'DNA-directed RNA polymerase V subunit 1',
NULL,
1,
'UniProtKB/Swiss-Prot',
'2011-5-3',
'2020-12-2',
'DNA-dependent RNA polymerase catalyzes the transcription of DNA into RNA using the four ribonucleoside triphosphates as substrates. Largest and catalytic component of RNA polymerase V involved in RNA-directed DNA methylation-dependent (RdDM) silencing of endogenous repeated sequences, including transposable elements. Also required for full erasure of methylation when the RNA trigger is withdrawn. Seems also involved in the synthesis of short-interfering RNAs (siRNA). Essential component of a self-reinforcing loop coupling de novo DNA methylation to siRNA production. Involved in the maintenance of post-transcriptional RNA silencing.',
'UP000006548');

INSERT INTO `UNIPROT`.`Protein`
(`accession_number`,
`seq_id`,
`Prosite_ID`,
`prev_acc_numbers`,
`entry_name`,
`full_name`,
`short_name`,
`reviewed`,
`integrated`,
`first_date`,
`last_date`,
`pfunction`,
`proteomes`)
VALUES
('Q62689',
'Q62689-1',
'PRU00159',
NULL,
'JAK2_RAT',
'Tyrosine-protein kinase JAK2',
'JAK-2',
1,
'UniProtKB/Swiss-Prot',
'1997-11-1',
'2020-12-2',
'Non-receptor tyrosine kinase involved in various processes such as cell growth, development, differentiation or histone modifications. Mediates essential signaling events in both innate and adaptive immunity. In the cytoplasm, plays a pivotal role in signal transduction via its association with type I receptors such as growth hormone (GHR), prolactin (PRLR), leptin (LEPR), erythropoietin (EPOR), thrombopoietin (THPO); or type II receptors including IFN-alpha, IFN-beta, IFN-gamma and multiple interleukins. In addition, JAK2 mediates angiotensin-2-induced ARHGEF1 phosphorylation. Plays a role in cell cycle by phosphorylating CDKN1B. Cooperates with TEC through reciprocal phosphorylation to mediate cytokine-driven activation of FOS transcription. In the nucleus, plays a key role in chromatin by specifically mediating phosphorylation of Tyr-41 of histone H3 (H3Y41ph), a specific tag that promotes exclusion of CBX5 (HP1 alpha) from chromatin.',
'UP000002494');

INSERT INTO `UNIPROT`.`Protein`
(`accession_number`,
`seq_id`,
`Prosite_ID`,
`prev_acc_numbers`,
`entry_name`,
`full_name`,
`short_name`,
`reviewed`,
`integrated`,
`first_date`,
`last_date`,
`pfunction`,
`proteomes`)

VALUES
('P09238',
'P09238-1',
'PRU10095',
'B2R9X9',
'F5GYX7_HUMAN',
'Stromelysin-2',
'MMP-10',
1,
'UniProtKB/Swiss-Prot',
'1989-7-1',
'1989-7-1',
'Can degrade fibronectin, gelatins of type I, III, IV, and V; weakly collagens III, IV, and V. Activates procollagenase.',
'UP000005640');

INSERT INTO `UNIPROT`.`Protein`
(`accession_number`,
`seq_id`,
`Prosite_ID`,
`prev_acc_numbers`,
`entry_name`,
`full_name`,
`short_name`,
`reviewed`,
`integrated`,
`first_date`,
`last_date`,
`pfunction`,
`proteomes`)

VALUES
('O33618',
'O33618-1',
'PRU00704',
'B9DP61',
'GLCT_STACT',
'GlcA/glcB genes antiterminator',
NULL,
1,
'UniProtKB/Swiss-Prot',
'1998-1-1',
'2021-2-10',
'Mediates positive regulation of the ptsG/glcA and glcB genes by functioning as an antiterminator factor of transcription via its interaction with the RNA-antiterminator (RAT) sequence located upstream of the ptsG/glcA gene.',
'UP000000444');

INSERT INTO `UNIPROT`.`Protein`
(`accession_number`,
`seq_id`,
`Prosite_ID`,
`prev_acc_numbers`,
`entry_name`,
`full_name`,
`short_name`,
`reviewed`,
`integrated`,
`first_date`,
`last_date`,
`pfunction`,
`proteomes`)

VALUES
('O94278',
'O94278-1',
'PRU00227',
NULL,
'THI5_SCHPO',
'Thiamine repressible genes regulatory protein thi5',
NULL,
1,
'UniProtKB/Swiss-Prot',
'1999-5-1',
'2021-2-10',
'Transcription factor that activates the nmt1 promoter.',
'UP000002485');

INSERT INTO `UNIPROT`.`Protein`
(`accession_number`,
`seq_id`,
`Prosite_ID`,
`prev_acc_numbers`,
`entry_name`,
`full_name`,
`short_name`,
`reviewed`,
`integrated`,
`first_date`,
`last_date`,
`pfunction`,
`proteomes`)

VALUES
('P0ACQ4',
'P0ACQ4-1',
'PRU00253',
'P11721',
'OXYR_ECOLI',
'Hydrogen peroxide-inducible genes activator',
NULL,
1,
'UniProtKB/Swiss-Prot',
'2005-11-22',
'2021-2-10',
'Hydrogen peroxide sensor. Activates the expression of a regulon of hydrogen peroxide-inducible genes such as katG, gor, ahpC, ahpF, oxyS (a regulatory RNA), dps, fur and grxA.',
'UP000000318');

INSERT INTO `UNIPROT`.`Protein`
(`accession_number`,
`seq_id`,
`Prosite_ID`,
`prev_acc_numbers`,
`entry_name`,
`full_name`,
`short_name`,
`reviewed`,
`integrated`,
`first_date`,
`last_date`,
`pfunction`,
`proteomes`)

VALUES
('Q59LV8',
'Q59LV8-1',
'PRU00227',
'A0A1D8PS84',
'ASG1_CANAL',
'Activator of stress genes protein 1',
NULL,
1,
'UniProtKB/Swiss-Prot',
'2017-3-15',
'2021-2-10',
'Transcription factor necessary to sustain growth on non-fermentative carbon sources such as sodium acetate, acetic acid, or ethanol. Plays a role in hyphal formation.',
'UP000000559');

INSERT INTO `UNIPROT`.`Protein`
(`accession_number`,
`seq_id`,
`Prosite_ID`,
`prev_acc_numbers`,
`entry_name`,
`full_name`,
`short_name`,
`reviewed`,
`integrated`,
`first_date`,
`last_date`,
`pfunction`,
`proteomes`)

VALUES
('Q03768',
'Q03768-1',
'PRU00179',
'B9DP61',
'GIR2_YEAST',
'Protein GIR2',
NULL,
1,
'UniProtKB/Swiss-Prot',
'1996-11-1',
'2021-2-10',
'Acts as a negative regulator of the GCN2 kinase activity by disrupting the GCN1-GCN2 interaction in amino acid-starved cells.',
'UP000002311');

INSERT INTO `UNIPROT`.`Protein`
(`accession_number`,
`seq_id`,
`Prosite_ID`,
`prev_acc_numbers`,
`entry_name`,
`full_name`,
`short_name`,
`reviewed`,
`integrated`,
`first_date`,
`last_date`,
`pfunction`,
`proteomes`)

VALUES
('P36598',
'P36598-1',
'PRU00228',
'P40378',
'THI1_SCHPO',
'Thiamine repressible genes regulatory protein thi1',
NULL,
1,
'UniProtKB/Swiss-Prot',
'1995-2-1',
'2021-2-10',
'Transcription factor that activates the nmt1 promoter.',
'UP000002485');

INSERT INTO `UNIPROT`.`Protein`
(`accession_number`,
`seq_id`,
`Prosite_ID`,
`prev_acc_numbers`,
`entry_name`,
`full_name`,
`short_name`,
`reviewed`,
`integrated`,
`first_date`,
`last_date`,
`pfunction`,
`proteomes`)

VALUES
('P52698',
'P52698-1',
'PRU00254',
'Q9AIT9',
'PHCA_RALSO  ',
'HTH-type transcriptional regulator PhcA',
NULL,
1,
'UniProtKB/Swiss-Prot',
'2002-1-23',
'2021-2-10',
'Regulates the transcription of one or more of the genes involved in virulence.',
'UP000001436');

INSERT INTO `UNIPROT`.`Protein`
(`accession_number`,
`seq_id`,
`Prosite_ID`,
`prev_acc_numbers`,
`entry_name`,
`full_name`,
`short_name`,
`reviewed`,
`integrated`,
`first_date`,
`last_date`,
`pfunction`,
`proteomes`)

VALUES
('Q03825',
'Q03825-1',
'PRU00126',
'D6VZY6',
'MSS11_YEAST ',
'Transcription activator MSS11',
NULL,
1,
'UniProtKB/Swiss-Prot',
'1997-11-1',
'2021-2-10',
'Transcription factor that regulates pseudohyphal differentiation, invasive growth, floculation, adhesion and starch metabolism in response to nutrient availability.',
'UP000002311');

INSERT INTO `UNIPROT`.`Protein`
(`accession_number`,
`seq_id`,
`Prosite_ID`,
`prev_acc_numbers`,
`entry_name`,
`full_name`,
`short_name`,
`reviewed`,
`integrated`,
`first_date`,
`last_date`,
`pfunction`,
`proteomes`)

VALUES
('Q8QHJ9',
'Q8QHJ9-1',
'PRU00867',
'Q4VBV6',
'I17RD_DANRE',
'Interleukin-17 receptor D',
'IL-17 receptor D',
1,
'UniProtKB/Swiss-Prot',
'2005-11-13',
'2020-10-7',
'Feedback inhibitor of fibroblast growth factor mediated Ras-MAPK signaling and ERK activation.',
'UP000000437');


INSERT INTO `UNIPROT`.`Gene`
(`gene_name`,
`taxID`,
`accession_number`,
`ORF_name`,
`synonym`)
VALUES 
('hemoglobin subunit beta',
10116,
'P02091',
NULL,
NULL);

INSERT INTO `UNIPROT`.`Gene`
(`gene_name`,
`taxID`,
`accession_number`,
`ORF_name`,
`synonym`)
VALUES(
'MB',
9913,
'P02192',
NULL,
NULL);

INSERT INTO `UNIPROT`.`Gene`
(`gene_name`,
`taxID`,
`accession_number`,
`ORF_name`,
`synonym`)

VALUES
('RHO',
9606,
'P08100',
NULL,
'OPN2');

INSERT INTO `UNIPROT`.`Gene`
(`gene_name`,
`taxID`,
`accession_number`,
`ORF_name`,
`synonym`)
VALUES 
('DRD4',
9606,
'P21917',
NULL,
NULL);

INSERT INTO `UNIPROT`.`Gene`
(`gene_name`,
`taxID`,
`accession_number`,
`ORF_name`,
`synonym`)
VALUES 
('NRPE1',
3702,
'Q5D869',
'T28M21.19',
'DMS5');

INSERT INTO `UNIPROT`.`Gene`
(`gene_name`,
`taxID`,
`accession_number`,
`ORF_name`,
`synonym`)

VALUES 
('Jak2',
10116,
'Q62689',
NULL,
NULL);

INSERT INTO `UNIPROT`.`Gene`
(`gene_name`,
`taxID`,
`accession_number`,
`ORF_name`,
`synonym`)

VALUES 
('MMP10',
9606,
'P09238',
NULL,
'STMY2');

INSERT INTO `UNIPROT`.`Gene`
(`gene_name`,
`taxID`,
`accession_number`,
`ORF_name`,
`synonym`)

VALUES 
('glcT',
396513,
'O33618',
NULL,
NULL);

INSERT INTO `UNIPROT`.`Gene`
(`gene_name`,
`taxID`,
`accession_number`,
`ORF_name`,
`synonym`)

VALUES 
('thi5',
284812,
'O94278',
'SPBP8B7.30c',
NULL);

INSERT INTO `UNIPROT`.`Gene`
(`gene_name`,
`taxID`,
`accession_number`,
`ORF_name`,
`synonym`)

VALUES 
('oxyR',
284812,
'P0ACQ4',
NULL,
'momR');

INSERT INTO `UNIPROT`.`Gene`
(`gene_name`,
`taxID`,
`accession_number`,
`ORF_name`,
`synonym`)

VALUES 
('ASG1',
237561,
'Q59LV8',
'CaO19.166',
NULL);

INSERT INTO `UNIPROT`.`Gene`
(`gene_name`,
`taxID`,
`accession_number`,
`ORF_name`,
`synonym`)

VALUES 
('GIR2',
559292,
'Q03768',
'YD8358.08',
'DFRP2');

INSERT INTO `UNIPROT`.`Gene`
(`gene_name`,
`taxID`,
`accession_number`,
`ORF_name`,
`synonym`)

VALUES 
('thi1',
284812,
'P36598',
'SPAC1486.10',
'thi1');

INSERT INTO `UNIPROT`.`Gene`
(`gene_name`,
`taxID`,
`accession_number`,
`ORF_name`,
`synonym`)

VALUES 
('phcA',
267608,
'P52698',
'RS00106',
NULL);

INSERT INTO `UNIPROT`.`Gene`
(`gene_name`,
`taxID`,
`accession_number`,
`ORF_name`,
`synonym`)

VALUES 
('MSS11',
559292,
'Q03825',
'YM8520.13C',
NULL);

INSERT INTO `UNIPROT`.`Gene`
(`gene_name`,
`taxID`,
`accession_number`,
`ORF_name`,
`synonym`)

VALUES 
('il17rd',
7955,
'Q8QHJ9',
NULL,
'cb208');


INSERT INTO `UNIPROT`.`Protein_Organism`
(`accession_number`,
`taxID`)

VALUES
('P02091',
'10116');

INSERT INTO `UNIPROT`.`Protein_Organism` 
(`accession_number`,
`taxID`)

VALUES
('P02091',
'9913');
 
INSERT INTO `UNIPROT`.`Protein_Organism`
(`accession_number`,
`taxID`)

VALUES
('P02091',
'9606');

INSERT INTO `UNIPROT`.`Protein_Organism`
(`accession_number`,
`taxID`)

VALUES
('P21917',
'9606');

INSERT INTO `UNIPROT`.`Protein_Organism`
(`accession_number`,
`taxID`)

VALUES
('P21917',
'3702');

INSERT INTO `UNIPROT`.`Protein_Organism`
(`accession_number`,
`taxID`)

VALUES
('Q62689',
'10116');

INSERT INTO `UNIPROT`.`Protein_Organism`
(`accession_number`,
`taxID`)

VALUES
('P09238',
'9606');

INSERT INTO `UNIPROT`.`Protein_Organism`
(`accession_number`,
`taxID`)

VALUES
('O33618',
396513);

INSERT INTO `UNIPROT`.`Protein_Organism`
(`accession_number`,
`taxID`)

VALUES
('P0ACQ4',
284812);

INSERT INTO `UNIPROT`.`Protein_Organism`
(`accession_number`,
`taxID`)

VALUES
('Q03768',
'237561');

INSERT INTO `UNIPROT`.`Protein_Organism`
(`accession_number`,
`taxID`)

VALUES
('Q59LV8',
559292);

INSERT INTO `UNIPROT`.`Protein_Organism`
(`accession_number`,
`taxID`)

VALUES
('P36598',
284812);

INSERT INTO `UNIPROT`.`Protein_Organism`
(`accession_number`,
`taxID`)

VALUES
('P36598',
267608);

INSERT INTO `UNIPROT`.`Protein_Organism`
(`accession_number`,
`taxID`)

VALUES
('Q03825',
559292);

INSERT INTO `UNIPROT`.`Protein_Organism`
(`accession_number`,
`taxID`)

VALUES
('Q8QHJ9',
559292);